SQL> set lines 200
SQL> set pages 100
SQL> select to_char(sysdate, 'dd-mm-yyyy hh:mi:ss') from dual;

TO_CHAR(SYSDATE,'DD                                                                                                                                                                                     
-------------------                                                                                                                                                                                     
21-05-2021 08:06:18                                                                                                                                                                                     

SQL> insert into login_lab_bd values('Pantelimon Andreea', '331CC', 'Lab11', user, sysdate, null, null);

1 row created.

SQL> select * from login_lab_bd;

NUME_STUD                      GRUPA      LABORATOR  NUME_USER  DATA_IN   DATA_SF       DURATA                                                                                                          
------------------------------ ---------- ---------- ---------- --------- --------- ----------                                                                                                          
Pantelimon Andreea             331CC      Lab5       SCOTT      02-APR-21 02-APR-21        117                                                                                                          
Pantelimon Andreea             331CC      Lab7       SCOTT      16-APR-21 16-APR-21        109                                                                                                          
Pantelimon Andreea             331CC      Lab9       SCOTT      07-MAY-21 07-MAY-21        106                                                                                                          
Pantelimon Andreea             331CC      Lab1       SCOTT      05-MAR-21 05-MAR-21          0                                                                                                          
Pantelimon Andreea             331CC      Lab6       SCOTT      09-APR-21 09-APR-21        109                                                                                                          
Pantelimon Andreea             331CC      Lab8       SCOTT      23-APR-21 23-APR-21        109                                                                                                          
Pantelimon Andreea             331CC      Lab11      SCOTT      21-MAY-21                                                                                                                               
Pantelimon Andreea             331CC      Lab10      SCOTT      14-MAY-21 14-MAY-21        129                                                                                                          
Pantelimon Andreea             331CC      Lab2       SCOTT      12-MAR-21 12-MAR-21        100                                                                                                          
Pantelimon Andreea             331CC      Lab3       SCOTT      19-MAR-21 19-MAR-21        126                                                                                                          
Pantelimon Andreea             331CC      Lab4       SCOTT      26-MAR-21 26-MAR-21        129                                                                                                                                                    

11 rows selected.

SQL> set lines 80
SQL> set pagesize 20
SQL> column A format 9999 heading 'Ecuson' JUSTIFY CENTER
SQL> column B format A20 heading 'Nume Angajat'
SQL> column C format A10 heading 'Job' justify left
SQL> column D format A14 heading 'Data Angajare' justify center
SQL> column E format 99,999.00 heading 'Salariu'
SQL> title left 'Pag:' SQL.PNO center underline 'Lista Angajati'
SP2-0734: unknown command beginning "title left..." - rest of line ignored.
SQL> ttitle left 'Pag:' SQL.PNO center underline 'Lista Angajati'
SQL> btitle right 'DIRECTOR'
SQL> select
  2  id_ang A, nume B, functie C, data_ang D, salariu E
  3  from angajati
  4  where id_dep = 20;

Pag:         1                   Lista Angajati                                 
                                 ______________                                 
                                                                                
Ecuson Nume Angajat         Job        Data Angajare     Salariu                
------ -------------------- ---------- -------------- ----------                
  7369 SMITH                CLERK      17-DEC-80        1,017.50                
  7566 JONES                MANAGER    02-APR-81        3,192.50                
  7788 SCOTT                ANALYST    19-APR-87        3,000.00                
  7876 ADAMS                CLERK      23-MAY-87        1,100.00                
  7902 FORD                 ANALYST    03-DEC-81        3,000.00                










                                                                        DIRECTOR

SQL> select * from angajati;

Pag:         1                   Lista Angajati                                 
                                 ______________                                 
                                                                                
    ID_ANG NUME                           FUNCTIE                  ID_SEF       
---------- ------------------------------ -------------------- ----------       
DATA_ANG     SALARIU   COMISION     ID_DEP                                      
--------- ---------- ---------- ----------                                      
      7369 SMITH                          CLERK                      7902       
17-DEC-80     1017.5                    20                                      
                                                                                
      7499 ALLEN                          SALESMAN                   7698       
20-FEB-81    1756.67        550         30                                      
                                                                                
      7521 WARD                           SALESMAN                   7698       
22-FEB-81    1406.67        550         30                                      
                                                                                
      7566 JONES                          MANAGER                    7839       
02-APR-81     3192.5                    20                                      
                                                                                
      7654 MARTIN                         SALESMAN                   7698       
                                                                        DIRECTOR

Pag:         2                   Lista Angajati                                 
                                 ______________                                 
                                                                                
    ID_ANG NUME                           FUNCTIE                  ID_SEF       
---------- ------------------------------ -------------------- ----------       
DATA_ANG     SALARIU   COMISION     ID_DEP                                      
--------- ---------- ---------- ----------                                      
28-SEP-81       1250       1400         30                                      
                                                                                
      7698 BLAKE                          MANAGER                    7839       
01-MAY-81    3006.67        550         30                                      
                                                                                
      7782 CLARK                          MANAGER                    7839       
09-JUN-81       2450                    10                                      
                                                                                
      7788 SCOTT                          ANALYST                    7566       
19-APR-87       3000                    20                                      
                                                                                
      7839 KING                           PRESIDENT                             
17-NOV-81       5000                    10                                      
                                                                        DIRECTOR

Pag:         3                   Lista Angajati                                 
                                 ______________                                 
                                                                                
    ID_ANG NUME                           FUNCTIE                  ID_SEF       
---------- ------------------------------ -------------------- ----------       
DATA_ANG     SALARIU   COMISION     ID_DEP                                      
--------- ---------- ---------- ----------                                      
                                                                                
      7844 TURNER                         SALESMAN                   7698       
08-SEP-81       1500          0         30                                      
                                                                                
      7876 ADAMS                          CLERK                      7788       
23-MAY-87       1100                    20                                      
                                                                                
      7900 JAMES                          CLERK                      7698       
03-DEC-81        950                    30                                      
                                                                                
      7902 FORD                           ANALYST                    7566       
03-DEC-81       3000                    20                                      
                                                                                
                                                                        DIRECTOR

Pag:         4                   Lista Angajati                                 
                                 ______________                                 
                                                                                
    ID_ANG NUME                           FUNCTIE                  ID_SEF       
---------- ------------------------------ -------------------- ----------       
DATA_ANG     SALARIU   COMISION     ID_DEP                                      
--------- ---------- ---------- ----------                                      
      7934 MILLER                         CLERK                      7782       
23-JAN-82       1300                    10                                      
                                                                                










                                                                        DIRECTOR

14 rows selected.

SQL> select * from departamente;

Pag:         1                   Lista Angajati                                 
                                 ______________                                 
                                                                                
    ID_DEP DEN_DEP                        SEDIU                                 
---------- ------------------------------ --------------------                  
        10 ACCOUNTING                     NEW YORK                              
        20 RESEARCH                       DALLAS                                
        30 SALES                          CHICAGO                               
        40 OPERATIONS                     BOSTON                                
        10 Proiectare Software            3212121                               
        20 Asigurarea calitatii           3212122                               









                                                                        DIRECTOR

6 rows selected.

SQL> set lines 120
SQL> set pagesize 100
SQL> column A format A20 heading 'Den_departament' justify center
SQL> column B format A20 heading 'Nume_sef' justify center
SQL> column C format A20 heading 'Nume_subaltern' justify center
SQL> column D format A20 heading 'Salariu_subaltern' justify center
SQL> 
SQL> ttitle left 'Pag:' SQL.PNO center 'STRUCTURA ORGANIZATORICA' RIGHT current_date
SQL> btitile center 'DIRECTOR RESURE UMANE'
SP2-0734: unknown command beginning "btitile ce..." - rest of line ignored.
SQL> 
SQL> select
  2  d.den_dep A, a.nume B, a1.nume C, a1.salariu D
  3  from angajati a,
  4  angajati a1,
  5  departamente d
  6  where
  7  a.id_dep = d.id_dep and
  8  a.id_sef = a1.id_ang;

Pag:         1                                  STRUCTURA ORGANIZATORICA                                    current_date
  Den_departament          Nume_sef          Nume_subaltern    Salariu_subaltern                                        
-------------------- -------------------- -------------------- -----------------                                        
ACCOUNTING           MILLER               CLARK                       ##########                                        
ACCOUNTING           CLARK                KING                        ##########                                        
RESEARCH             SCOTT                JONES                       ##########                                        
RESEARCH             FORD                 JONES                       ##########                                        
RESEARCH             ADAMS                SCOTT                       ##########                                        
RESEARCH             JONES                KING                        ##########                                        
RESEARCH             SMITH                FORD                        ##########                                        
SALES                ALLEN                BLAKE                       ##########                                        
SALES                WARD                 BLAKE                       ##########                                        
SALES                MARTIN               BLAKE                       ##########                                        
SALES                TURNER               BLAKE                       ##########                                        
SALES                JAMES                BLAKE                       ##########                                        
SALES                BLAKE                KING                        ##########                                        
Proiectare Software  MILLER               CLARK                       ##########                                        
Proiectare Software  CLARK                KING                        ##########                                        
Asigurarea calitatii SCOTT                JONES                       ##########                                        
Asigurarea calitatii FORD                 JONES                       ##########                                        
Asigurarea calitatii ADAMS                SCOTT                       ##########                                        
Asigurarea calitatii JONES                KING                        ##########                                        
Asigurarea calitatii SMITH                FORD                        ##########                                        











































































                                                                                                                DIRECTOR

20 rows selected.

SQL> set lines 120
SQL> set pagesize 30
SQL> column A format A20 heading 'Den_departament' justify center
SQL> column B format A20 heading 'Nume_sef' justify center
SQL> column C format A20 heading 'Nume_subaltern' justify center
SQL> column D format A20 heading 'Salariu_subaltern' justify center
SQL> 
SQL> ttitle left 'Pag:' SQL.PNO center 'STRUCTURA ORGANIZATORICA' RIGHT select current_date
SQL> btitle center 'DIRECTOR RESURE UMANE'
SQL> 
SQL> select
  2  d.den_dep A, a.nume B, a1.nume C, a1.salariu D
  3  from angajati a,
  4  angajati a1,
  5  departamente d
  6  where
  7  a.id_dep = d.id_dep and
  8  a.id_sef = a1.id_ang;

Pag:         1                                  STRUCTURA ORGANIZATORICA                              selectcurrent_date
  Den_departament          Nume_sef          Nume_subaltern    Salariu_subaltern                                        
-------------------- -------------------- -------------------- -----------------                                        
ACCOUNTING           MILLER               CLARK                       ##########                                        
ACCOUNTING           CLARK                KING                        ##########                                        
RESEARCH             SCOTT                JONES                       ##########                                        
RESEARCH             FORD                 JONES                       ##########                                        
RESEARCH             ADAMS                SCOTT                       ##########                                        
RESEARCH             JONES                KING                        ##########                                        
RESEARCH             SMITH                FORD                        ##########                                        
SALES                ALLEN                BLAKE                       ##########                                        
SALES                WARD                 BLAKE                       ##########                                        
SALES                MARTIN               BLAKE                       ##########                                        
SALES                TURNER               BLAKE                       ##########                                        
SALES                JAMES                BLAKE                       ##########                                        
SALES                BLAKE                KING                        ##########                                        
Proiectare Software  MILLER               CLARK                       ##########                                        
Proiectare Software  CLARK                KING                        ##########                                        
Asigurarea calitatii SCOTT                JONES                       ##########                                        
Asigurarea calitatii FORD                 JONES                       ##########                                        
Asigurarea calitatii ADAMS                SCOTT                       ##########                                        
Asigurarea calitatii JONES                KING                        ##########                                        
Asigurarea calitatii SMITH                FORD                        ##########                                        





                                                  DIRECTOR RESURE UMANE                                                 

20 rows selected.

SQL> set lines 120
SQL> set pagesize 30
SQL> column A format A20 heading 'Den_departament' justify center
SQL> column B format A20 heading 'Nume_sef' justify center
SQL> column C format A20 heading 'Nume_subaltern' justify center
SQL> column D format 99,999 heading 'Salariu_subaltern' justify center
SQL> 
SQL> ttitle left 'Pag:' SQL.PNO center 'STRUCTURA ORGANIZATORICA' RIGHT select current_date
SQL> btitle center 'DIRECTOR RESURE UMANE'
SQL> 
SQL> select
  2  d.den_dep A, a.nume B, a1.nume C, a1.salariu D
  3  from angajati a,
  4  angajati a1,
  5  departamente d
  6  where
  7  a.id_dep = d.id_dep and
  8  a.id_sef = a1.id_ang;

Pag:         1                                  STRUCTURA ORGANIZATORICA                              selectcurrent_date
  Den_departament          Nume_sef          Nume_subaltern    Salariu_subaltern                                        
-------------------- -------------------- -------------------- -----------------                                        
ACCOUNTING           MILLER               CLARK                            2,450                                        
ACCOUNTING           CLARK                KING                             5,000                                        
RESEARCH             SCOTT                JONES                            3,193                                        
RESEARCH             FORD                 JONES                            3,193                                        
RESEARCH             ADAMS                SCOTT                            3,000                                        
RESEARCH             JONES                KING                             5,000                                        
RESEARCH             SMITH                FORD                             3,000                                        
SALES                ALLEN                BLAKE                            3,007                                        
SALES                WARD                 BLAKE                            3,007                                        
SALES                MARTIN               BLAKE                            3,007                                        
SALES                TURNER               BLAKE                            3,007                                        
SALES                JAMES                BLAKE                            3,007                                        
SALES                BLAKE                KING                             5,000                                        
Proiectare Software  MILLER               CLARK                            2,450                                        
Proiectare Software  CLARK                KING                             5,000                                        
Asigurarea calitatii SCOTT                JONES                            3,193                                        
Asigurarea calitatii FORD                 JONES                            3,193                                        
Asigurarea calitatii ADAMS                SCOTT                            3,000                                        
Asigurarea calitatii JONES                KING                             5,000                                        
Asigurarea calitatii SMITH                FORD                             3,000                                        





                                                  DIRECTOR RESURE UMANE                                                 

20 rows selected.

SQL> set lines 120
SQL> set pagesize 30
SQL> column A format A20 heading 'Den_departament' justify center
SQL> column B format A20 heading 'Nume_sef' justify center
SQL> column C format A20 heading 'Nume_subaltern' justify center
SQL> column D format 99,999 heading 'Salariu_subaltern' justify center
SQL> 
SQL> ttitle left 'Pag:' SQL.PNO center 'STRUCTURA ORGANIZATORICA' RIGHT (select to_char(sysdate, 'DD-MM-YYYY') from dual)
SQL> btitle center 'DIRECTOR RESURE UMANE'
SQL> 
SQL> select
  2  d.den_dep A, a.nume B, a1.nume C, a1.salariu D
  3  from angajati a,
  4  angajati a1,
  5  departamente d
  6  where
  7  a.id_dep = d.id_dep and
  8  a.id_sef = a1.id_ang;

Pag:         1                                  STRUCTURA ORGANIZATORICA     (selectto_char(sysdate,DD-MM-YYYY)fromdual)
  Den_departament          Nume_sef          Nume_subaltern    Salariu_subaltern                                        
-------------------- -------------------- -------------------- -----------------                                        
ACCOUNTING           MILLER               CLARK                            2,450                                        
ACCOUNTING           CLARK                KING                             5,000                                        
RESEARCH             SCOTT                JONES                            3,193                                        
RESEARCH             FORD                 JONES                            3,193                                        
RESEARCH             ADAMS                SCOTT                            3,000                                        
RESEARCH             JONES                KING                             5,000                                        
RESEARCH             SMITH                FORD                             3,000                                        
SALES                ALLEN                BLAKE                            3,007                                        
SALES                WARD                 BLAKE                            3,007                                        
SALES                MARTIN               BLAKE                            3,007                                        
SALES                TURNER               BLAKE                            3,007                                        
SALES                JAMES                BLAKE                            3,007                                        
SALES                BLAKE                KING                             5,000                                        
Proiectare Software  MILLER               CLARK                            2,450                                        
Proiectare Software  CLARK                KING                             5,000                                        
Asigurarea calitatii SCOTT                JONES                            3,193                                        
Asigurarea calitatii FORD                 JONES                            3,193                                        
Asigurarea calitatii ADAMS                SCOTT                            3,000                                        
Asigurarea calitatii JONES                KING                             5,000                                        
Asigurarea calitatii SMITH                FORD                             3,000                                        





                                                  DIRECTOR RESURE UMANE                                                 

20 rows selected.

SQL> set lines 120
SQL> set pagesize 30
SQL> column A format A20 heading 'Den_departament' justify center
SQL> column B format A20 heading 'Nume_sef' justify center
SQL> column C format A20 heading 'Nume_subaltern' justify center
SQL> column D format 99,999 heading 'Salariu_subaltern' justify center
SQL> 
SQL> ttitle left 'Pag:' SQL.PNO center 'STRUCTURA ORGANIZATORICA' RIGHT (select to_char(sysdate, 'DD-MM-YYYY') from dual)
SQL> btitle center 'DIRECTOR RESURE UMANE'
SQL> 
SQL> select
  2  d.den_dep A, a.nume B, a1.nume C, a1.salariu D
  3  from angajati a,
  4  angajati a1,
  5  departamente d
  6  where
  7  a1.id_dep = d.id_dep and
  8  a.id_sef = a1.id_ang;

Pag:         1                                  STRUCTURA ORGANIZATORICA     (selectto_char(sysdate,DD-MM-YYYY)fromdual)
  Den_departament          Nume_sef          Nume_subaltern    Salariu_subaltern                                        
-------------------- -------------------- -------------------- -----------------                                        
ACCOUNTING           MILLER               CLARK                            2,450                                        
ACCOUNTING           JONES                KING                             5,000                                        
ACCOUNTING           BLAKE                KING                             5,000                                        
ACCOUNTING           CLARK                KING                             5,000                                        
RESEARCH             SCOTT                JONES                            3,193                                        
RESEARCH             FORD                 JONES                            3,193                                        
RESEARCH             ADAMS                SCOTT                            3,000                                        
RESEARCH             SMITH                FORD                             3,000                                        
SALES                ALLEN                BLAKE                            3,007                                        
SALES                WARD                 BLAKE                            3,007                                        
SALES                MARTIN               BLAKE                            3,007                                        
SALES                TURNER               BLAKE                            3,007                                        
SALES                JAMES                BLAKE                            3,007                                        
Proiectare Software  MILLER               CLARK                            2,450                                        
Proiectare Software  JONES                KING                             5,000                                        
Proiectare Software  BLAKE                KING                             5,000                                        
Proiectare Software  CLARK                KING                             5,000                                        
Asigurarea calitatii SCOTT                JONES                            3,193                                        
Asigurarea calitatii FORD                 JONES                            3,193                                        
Asigurarea calitatii ADAMS                SCOTT                            3,000                                        
Asigurarea calitatii SMITH                FORD                             3,000                                        




                                                  DIRECTOR RESURE UMANE                                                 

21 rows selected.

SQL> select
  2  d.den_dep A, a.nume B, a1.nume C, a1.salariu D
  3  from angajati a,
  4  angajati a1,
  5  departamente d
  6  where
  7  a1.id_dep = d.id_dep and
  8  a1.id_sef = a.id_ang;

Pag:         1                                  STRUCTURA ORGANIZATORICA     (selectto_char(sysdate,DD-MM-YYYY)fromdual)
  Den_departament          Nume_sef          Nume_subaltern    Salariu_subaltern                                        
-------------------- -------------------- -------------------- -----------------                                        
ACCOUNTING           CLARK                MILLER                           1,300                                        
ACCOUNTING           KING                 CLARK                            2,450                                        
RESEARCH             JONES                SCOTT                            3,000                                        
RESEARCH             JONES                FORD                             3,000                                        
RESEARCH             SCOTT                ADAMS                            1,100                                        
RESEARCH             KING                 JONES                            3,193                                        
RESEARCH             FORD                 SMITH                            1,018                                        
SALES                BLAKE                ALLEN                            1,757                                        
SALES                BLAKE                WARD                             1,407                                        
SALES                BLAKE                MARTIN                           1,250                                        
SALES                BLAKE                TURNER                           1,500                                        
SALES                BLAKE                JAMES                              950                                        
SALES                KING                 BLAKE                            3,007                                        
Proiectare Software  CLARK                MILLER                           1,300                                        
Proiectare Software  KING                 CLARK                            2,450                                        
Asigurarea calitatii JONES                SCOTT                            3,000                                        
Asigurarea calitatii JONES                FORD                             3,000                                        
Asigurarea calitatii SCOTT                ADAMS                            1,100                                        
Asigurarea calitatii KING                 JONES                            3,193                                        
Asigurarea calitatii FORD                 SMITH                            1,018                                        





                                                  DIRECTOR RESURE UMANE                                                 

20 rows selected.

SQL> define data = "select to_char(sysdate, 'DD-MM-YYYY') from dual"
SQL> 
SQL> set lines 120
SQL> set pagesize 30
SQL> column A format A20 heading 'Den_departament' justify center
SQL> column B format A20 heading 'Nume_sef' justify center
SQL> column C format A20 heading 'Nume_subaltern' justify center
SQL> column D format 99,999 heading 'Salariu_subaltern' justify center
SQL> 
SQL> ttitle left 'Pag:' SQL.PNO center 'STRUCTURA ORGANIZATORICA' RIGHT data
SQL> btitle center 'DIRECTOR RESURE UMANE'
SQL> 
SQL> select
  2  d.den_dep A, a.nume B, a1.nume C, a1.salariu D
  3  from angajati a,
  4  angajati a1,
  5  departamente d
  6  where
  7  a1.id_dep = d.id_dep and
  8  a1.id_sef = a.id_ang;

Pag:         1                                  STRUCTURA ORGANIZATORICA select to_char(sysdate, 'DD-MM-YYYY') from dual
  Den_departament          Nume_sef          Nume_subaltern    Salariu_subaltern                                        
-------------------- -------------------- -------------------- -----------------                                        
ACCOUNTING           CLARK                MILLER                           1,300                                        
ACCOUNTING           KING                 CLARK                            2,450                                        
RESEARCH             JONES                SCOTT                            3,000                                        
RESEARCH             JONES                FORD                             3,000                                        
RESEARCH             SCOTT                ADAMS                            1,100                                        
RESEARCH             KING                 JONES                            3,193                                        
RESEARCH             FORD                 SMITH                            1,018                                        
SALES                BLAKE                ALLEN                            1,757                                        
SALES                BLAKE                WARD                             1,407                                        
SALES                BLAKE                MARTIN                           1,250                                        
SALES                BLAKE                TURNER                           1,500                                        
SALES                BLAKE                JAMES                              950                                        
SALES                KING                 BLAKE                            3,007                                        
Proiectare Software  CLARK                MILLER                           1,300                                        
Proiectare Software  KING                 CLARK                            2,450                                        
Asigurarea calitatii JONES                SCOTT                            3,000                                        
Asigurarea calitatii JONES                FORD                             3,000                                        
Asigurarea calitatii SCOTT                ADAMS                            1,100                                        
Asigurarea calitatii KING                 JONES                            3,193                                        
Asigurarea calitatii FORD                 SMITH                            1,018                                        





                                                  DIRECTOR RESURE UMANE                                                 

20 rows selected.

SQL> define data = select to_char(sysdate, 'DD-MM-YYYY') from dual
SQL> 
SQL> set lines 120
SQL> set pagesize 30
SQL> column A format A20 heading 'Den_departament' justify center
SQL> column B format A20 heading 'Nume_sef' justify center
SQL> column C format A20 heading 'Nume_subaltern' justify center
SQL> column D format 99,999 heading 'Salariu_subaltern' justify center
SQL> 
SQL> ttitle left 'Pag:' SQL.PNO center 'STRUCTURA ORGANIZATORICA' RIGHT data
SQL> btitle center 'DIRECTOR RESURE UMANE'
SQL> 
SQL> select
  2  d.den_dep A, a.nume B, a1.nume C, a1.salariu D
  3  from angajati a,
  4  angajati a1,
  5  departamente d
  6  where
  7  a1.id_dep = d.id_dep and
  8  a1.id_sef = a.id_ang;

Pag:         1                                  STRUCTURA ORGANIZATORICA                                          select
  Den_departament          Nume_sef          Nume_subaltern    Salariu_subaltern                                        
-------------------- -------------------- -------------------- -----------------                                        
ACCOUNTING           CLARK                MILLER                           1,300                                        
ACCOUNTING           KING                 CLARK                            2,450                                        
RESEARCH             JONES                SCOTT                            3,000                                        
RESEARCH             JONES                FORD                             3,000                                        
RESEARCH             SCOTT                ADAMS                            1,100                                        
RESEARCH             KING                 JONES                            3,193                                        
RESEARCH             FORD                 SMITH                            1,018                                        
SALES                BLAKE                ALLEN                            1,757                                        
SALES                BLAKE                WARD                             1,407                                        
SALES                BLAKE                MARTIN                           1,250                                        
SALES                BLAKE                TURNER                           1,500                                        
SALES                BLAKE                JAMES                              950                                        
SALES                KING                 BLAKE                            3,007                                        
Proiectare Software  CLARK                MILLER                           1,300                                        
Proiectare Software  KING                 CLARK                            2,450                                        
Asigurarea calitatii JONES                SCOTT                            3,000                                        
Asigurarea calitatii JONES                FORD                             3,000                                        
Asigurarea calitatii SCOTT                ADAMS                            1,100                                        
Asigurarea calitatii KING                 JONES                            3,193                                        
Asigurarea calitatii FORD                 SMITH                            1,018                                        





                                                  DIRECTOR RESURE UMANE                                                 

20 rows selected.

SQL> set lines 120
SQL> set pagesize 40
SQL> set echo off
SQL> set feedback off
SQL> set verify off
SQL> column A format A20 heading 'Den_departament' justify center
SQL> column B format A20 heading 'Nume_sef' justify center
SQL> column C format A20 heading 'Nume_subaltern' justify center
SQL> column D format 99,999 heading 'Salariu_subaltern' justify center
SQL> column E noprint new_value F
SQL> 
SQL> ttitle left 'Pag:' SQL.PNO center 'STRUCTURA ORGANIZATORICA' RIGHT F skip 1 center '***********' skip 1
SQL> btitle center 'DIRECTOR RESURE UMANE'
SQL> 
SQL> break on A nodup skip on B nodup on report
SQL> 
SQL> compute sum label 'Toatl/Dep' of D on A
SQL> compute sum label 'Toatal General' of D on report
SQL> 
SQL> select
  2  d.den_dep A, a.nume B, a1.nume C, a1.salariu D,
  3  to_char(sysdate, 'DD-MM-YYYY') E
  4  from angajati a,
  5  angajati a1,
  6  departamente d
  7  where
  8  a1.id_dep = d.id_dep and
  9  a1.id_sef = a.id_ang;

Pag:         1                                  STRUCTURA ORGANIZATORICA                                      21-05-2021
                                                       ***********                                                      
  Den_departament          Nume_sef          Nume_subaltern    Salariu_subaltern                                        
-------------------- -------------------- -------------------- -----------------                                        
ACCOUNTING           CLARK                MILLER                           1,300                                        
                     KING                 CLARK                            2,450                                        
******************** ********************                      -----------------                                        
Toatl/Dep                                                                  3,750                                        
RESEARCH             JONES                SCOTT                            3,000                                        
                                          FORD                             3,000                                        
                     SCOTT                ADAMS                            1,100                                        
                     KING                 JONES                            3,193                                        
                     FORD                 SMITH                            1,018                                        
******************** ********************                      -----------------                                        
Toatl/Dep                                                                 11,310                                        
SALES                BLAKE                ALLEN                            1,757                                        
                                          WARD                             1,407                                        
                                          MARTIN                           1,250                                        
                                          TURNER                           1,500                                        
                                          JAMES                              950                                        
                     KING                 BLAKE                            3,007                                        
******************** ********************                      -----------------                                        
Toatl/Dep                                                                  9,870                                        
Proiectare Software  CLARK                MILLER                           1,300                                        
                     KING                 CLARK                            2,450                                        
******************** ********************                      -----------------                                        
Toatl/Dep                                                                  3,750                                        
Asigurarea calitatii JONES                SCOTT                            3,000                                        
                                          FORD                             3,000                                        
                     SCOTT                ADAMS                            1,100                                        
                     KING                 JONES                            3,193                                        
                     FORD                 SMITH                            1,018                                        
******************** ********************                      -----------------                                        
Toatl/Dep                                                                 11,310                                        
                                                               -----------------                                        
Toatal General                                                            39,990                                        


                                                  DIRECTOR RESURE UMANE                                                 
SQL> set lines 120
SQL> set pagesize 40
SQL> set echo off
SQL> set feedback off
SQL> set verify off
SQL> column A format A20 heading 'Den_departament' justify center
SQL> column B format A20 heading 'Nume_sef' justify center
SQL> column C format A20 heading 'Nume_subaltern' justify center
SQL> column D format 99,999 heading 'Salariu_subaltern' justify center
SQL> column E noprint new_value F
SQL> 
SQL> ttitle left 'Pag:' SQL.PNO center 'STRUCTURA ORGANIZATORICA' RIGHT F skip 1 center '-----------------' skip 1
SQL> btitle center 'DIRECTOR RESURE UMANE'
SQL> 
SQL> break on A nodup skip on B nodup on report
SQL> 
SQL> compute sum label 'Toatl/Dep' of D on A
SQL> compute sum label 'Toatal General' of D on report
SQL> 
SQL> select
  2  d.den_dep A, a.nume B, a1.nume C, a1.salariu D,
  3  to_char(sysdate, 'DD-MM-YYYY') E
  4  from angajati a,
  5  angajati a1,
  6  departamente d
  7  where
  8  a1.id_dep = d.id_dep and
  9  a1.id_sef = a.id_ang;

Pag:         1                                  STRUCTURA ORGANIZATORICA                                      21-05-2021
                                                    -----------------                                                   
  Den_departament          Nume_sef          Nume_subaltern    Salariu_subaltern                                        
-------------------- -------------------- -------------------- -----------------                                        
ACCOUNTING           CLARK                MILLER                           1,300                                        
                     KING                 CLARK                            2,450                                        
******************** ********************                      -----------------                                        
Toatl/Dep                                                                  3,750                                        
RESEARCH             JONES                SCOTT                            3,000                                        
                                          FORD                             3,000                                        
                     SCOTT                ADAMS                            1,100                                        
                     KING                 JONES                            3,193                                        
                     FORD                 SMITH                            1,018                                        
******************** ********************                      -----------------                                        
Toatl/Dep                                                                 11,310                                        
SALES                BLAKE                ALLEN                            1,757                                        
                                          WARD                             1,407                                        
                                          MARTIN                           1,250                                        
                                          TURNER                           1,500                                        
                                          JAMES                              950                                        
                     KING                 BLAKE                            3,007                                        
******************** ********************                      -----------------                                        
Toatl/Dep                                                                  9,870                                        
Proiectare Software  CLARK                MILLER                           1,300                                        
                     KING                 CLARK                            2,450                                        
******************** ********************                      -----------------                                        
Toatl/Dep                                                                  3,750                                        
Asigurarea calitatii JONES                SCOTT                            3,000                                        
                                          FORD                             3,000                                        
                     SCOTT                ADAMS                            1,100                                        
                     KING                 JONES                            3,193                                        
                     FORD                 SMITH                            1,018                                        
******************** ********************                      -----------------                                        
Toatl/Dep                                                                 11,310                                        
                                                               -----------------                                        
Toatal General                                                            39,990                                        


                                                  DIRECTOR RESURE UMANE                                                 
SQL> update login_lab_bd set data_sf=sysdate where laborator='Lab11';
SQL> update login_lab_bd set durata=round((data_sf-data_in)*24*60) where laborator='Lab11';
SQL> commit;
SQL> select instance_number, instance_name, to_char(startup_time, 'dd-mm-yyyy hh:mi:ss') host_name from v$instance;

Pag:         1                                  STRUCTURA ORGANIZATORICA                                      21-05-2021
                                                    -----------------                                                   
INSTANCE_NUMBER INSTANCE_NAME    HOST_NAME                                                                              
--------------- ---------------- -------------------                                                                    
              1 db19c            17-05-2021 10:03:59                                                                    

































                                                  DIRECTOR RESURE UMANE                                                 
SQL> select nume_stud, grupa, laborator, to_char(data_in, 'dd-mm-yyyy hh:mi:ss') data_inceput, to_char(data_sf, 'dd-mm-yyyy hh:mi:ss') data_sfarsit, durata minute_lucrate from login_lab_bd;

Pag:         1                                  STRUCTURA ORGANIZATORICA                                      21-05-2021
                                                    -----------------                                                   
NUME_STUD                      GRUPA      LABORATOR  DATA_INCEPUT        DATA_SFARSIT        MINUTE_LUCRATE             
------------------------------ ---------- ---------- ------------------- ------------------- --------------             
Pantelimon Andreea             331CC      Lab5       02-04-2021 08:05:29 02-04-2021 10:02:05            117             
Pantelimon Andreea             331CC      Lab7       16-04-2021 08:05:24 16-04-2021 09:54:14            109             
Pantelimon Andreea             331CC      Lab9       07-05-2021 08:09:24 07-05-2021 09:55:52            106             
Pantelimon Andreea             331CC      Lab1       05-03-2021 09:04:29 05-03-2021 09:04:52              0             
Pantelimon Andreea             331CC      Lab6       09-04-2021 08:08:53 09-04-2021 09:57:27            109             
Pantelimon Andreea             331CC      Lab8       23-04-2021 08:06:01 23-04-2021 09:54:52            109             
Pantelimon Andreea             331CC      Lab11      21-05-2021 08:06:18 21-05-2021 09:47:34            101             
Pantelimon Andreea             331CC      Lab10      14-05-2021 08:06:05 14-05-2021 10:14:49            129             
Pantelimon Andreea             331CC      Lab2       12-03-2021 08:22:55 12-03-2021 10:02:50            100             
Pantelimon Andreea             331CC      Lab3       19-03-2021 08:06:57 19-03-2021 10:13:01            126             
Pantelimon Andreea             331CC      Lab4       26-03-2021 08:06:36 26-03-2021 10:15:46            129             




















                                                  DIRECTOR RESURE UMANE                                                 
SQL> spool off;
